{"error":false,"message":"Operaci\u00f3n exitosa","data":{"enunciado":{"id_enunciado":22,"texto_enunciado":"aaaaa","creado_fecha":"2023-11-23 09:57:55","lenguaje":"1","dificultad":1,"tema":"1","correccion":"aaaa","id_pregunta":70,"enunciado_id":22,"texto_pregunta":"a","grado_dificultad":1,"correcta":0},"respuestas":[{"id_pregunta":69,"enunciado_id":22,"texto_pregunta":"a","grado_dificultad":1,"creado_fecha":"2023-11-23 09:57:55","correcta":1},{"id_pregunta":70,"enunciado_id":22,"texto_pregunta":"a","grado_dificultad":1,"creado_fecha":"2023-11-23 09:57:55","correcta":0},{"id_pregunta":71,"enunciado_id":22,"texto_pregunta":"a","grado_dificultad":1,"creado_fecha":"2023-11-23 09:57:55","correcta":0},{"id_pregunta":72,"enunciado_id":22,"texto_pregunta":"a","grado_dificultad":1,"creado_fecha":"2023-11-23 09:57:55","correcta":0}]}}